{
  "version": "0.1.0",
  "last_updated": "2025-12-28",
  "sensors": {
    "IMX571": {
      "manufacturer": "Sony",
      "type": "CMOS",
      "technology": "BSI",
      "format": "APS-C",
      "resolution": [6248, 4176],
      "pixel_size_um": 3.76,
      "full_well_e": 51000,
      "read_noise_e": 1.1,
      "qe_curve": {
        "type": "sampled",
        "description": "Derived from QHY absolute QE measurements comparing to ICX694 reference",
        "wavelength_nm": [400, 425, 450, 475, 500, 525, 550, 575, 600, 625, 650, 656, 675, 700, 750, 800, 850, 900, 950, 1000],
        "qe_percent":   [55,  72,  82,  88,  90,  90,  88,  85,  80,  74,  68,  65,  58,  48,  32,  20,  12,   7,   4,   2]
      },
      "qe_rgb_weights": {
        "description": "Integrated QE across typical Bayer CFA responses",
        "R": 0.28,
        "G": 0.40,
        "B": 0.32,
        "notes": "Weights for OSC cameras; mono cameras should use full QE curve"
      },
      "ha_sensitivity": {
        "wavelength_nm": 656.3,
        "qe_percent": 65,
        "notes": "QHY measured ~65% at Ha line; some controversy exists between vendors"
      },
      "sources": [
        {
          "name": "QHY Absolute QE Measurement",
          "url": "https://www.qhyccd.com/measuring-the-absolute-qe-of-the-qhy268m/",
          "date": "2022-05-05",
          "notes": "Measured against ICX694 reference sensor"
        },
        {
          "name": "Sony Datasheet (relative)",
          "notes": "Sony publishes normalized curves only; absolute values derived from QHY tests"
        }
      ]
    },
    "IMX533": {
      "manufacturer": "Sony",
      "type": "CMOS",
      "technology": "BSI",
      "format": "1-inch",
      "resolution": [3008, 3008],
      "pixel_size_um": 3.76,
      "full_well_e": 50000,
      "read_noise_e": 1.0,
      "qe_curve": {
        "type": "sampled",
        "description": "Similar to IMX571; same pixel architecture",
        "wavelength_nm": [400, 450, 500, 550, 600, 650, 700, 750, 800],
        "qe_percent":   [55,  80,  88,  86,  78,  65,  45,  28,  15]
      },
      "qe_rgb_weights": {
        "R": 0.27,
        "G": 0.41,
        "B": 0.32
      },
      "sources": [
        {
          "name": "ZWO ASI533 Product Page",
          "url": "https://astronomy-imaging-camera.com/product/asi533mc-pro"
        }
      ]
    },
    "IMX455": {
      "manufacturer": "Sony",
      "type": "CMOS",
      "technology": "BSI",
      "format": "Full Frame",
      "resolution": [9576, 6388],
      "pixel_size_um": 3.76,
      "full_well_e": 51000,
      "read_noise_e": 1.2,
      "qe_curve": {
        "type": "sampled",
        "description": "Full frame variant of IMX571 architecture",
        "wavelength_nm": [400, 450, 500, 550, 600, 650, 700, 750, 800],
        "qe_percent":   [52,  78,  87,  85,  76,  62,  42,  25,  12]
      },
      "qe_rgb_weights": {
        "R": 0.27,
        "G": 0.41,
        "B": 0.32
      },
      "sources": [
        {
          "name": "Norup Lab Measurements",
          "url": "https://www.cloudynights.com/topic/798063-quantum-efficiency-of-the-sony-imx455-in-qhy600-and-imx492-in-qhy294/",
          "notes": "Independent lab measurement"
        }
      ]
    },
    "IMX585": {
      "manufacturer": "Sony",
      "type": "CMOS",
      "technology": "STARVIS2",
      "format": "1/1.2-inch",
      "resolution": [3856, 2180],
      "pixel_size_um": 2.9,
      "full_well_e": 47000,
      "read_noise_e": 0.7,
      "qe_curve": {
        "type": "sampled",
        "description": "STARVIS2 has improved NIR response",
        "wavelength_nm": [400, 450, 500, 550, 600, 650, 700, 750, 800, 850, 900],
        "qe_percent":   [50,  75,  88,  91,  88,  82,  72,  55,  38,  22,  10]
      },
      "qe_rgb_weights": {
        "R": 0.32,
        "G": 0.38,
        "B": 0.30,
        "notes": "Enhanced red/NIR response compared to older sensors"
      },
      "ha_sensitivity": {
        "wavelength_nm": 656.3,
        "qe_percent": 80,
        "notes": "STARVIS2 shows significantly improved Ha response"
      },
      "sources": [
        {
          "name": "Community Reports",
          "url": "https://www.cloudynights.com/topic/940533-qe-curves-of-sony-imx-sensor-familly/"
        }
      ]
    },
    "IMX294": {
      "manufacturer": "Sony",
      "type": "CMOS", 
      "technology": "BSI",
      "format": "4/3",
      "resolution": [4144, 2822],
      "pixel_size_um": 4.63,
      "full_well_e": 63000,
      "read_noise_e": 1.2,
      "qe_curve": {
        "type": "sampled",
        "wavelength_nm": [400, 450, 500, 550, 600, 650, 700, 750],
        "qe_percent":   [45,  70,  78,  75,  68,  55,  38,  22]
      },
      "qe_rgb_weights": {
        "R": 0.26,
        "G": 0.42,
        "B": 0.32
      },
      "sources": []
    },
    "IMX183": {
      "manufacturer": "Sony",
      "type": "CMOS",
      "technology": "BSI",
      "format": "1-inch",
      "resolution": [5496, 3672],
      "pixel_size_um": 2.4,
      "full_well_e": 15000,
      "read_noise_e": 1.6,
      "qe_curve": {
        "type": "sampled",
        "description": "Older BSI sensor with strong blue response",
        "wavelength_nm": [380, 400, 450, 500, 550, 600, 650, 700],
        "qe_percent":   [70,  80,  84,  82,  75,  62,  50,  32]
      },
      "qe_rgb_weights": {
        "R": 0.24,
        "G": 0.40,
        "B": 0.36
      },
      "ha_sensitivity": {
        "wavelength_nm": 656.3,
        "qe_percent": 50,
        "notes": "Lower Ha sensitivity than newer sensors"
      },
      "sources": []
    },
    "KAF-8300": {
      "manufacturer": "OnSemi (Kodak)",
      "type": "CCD",
      "technology": "FSI",
      "format": "APS-C",
      "resolution": [3326, 2504],
      "pixel_size_um": 5.4,
      "full_well_e": 25500,
      "read_noise_e": 8,
      "qe_curve": {
        "type": "sampled",
        "description": "Classic CCD with good Ha response",
        "wavelength_nm": [400, 450, 500, 550, 600, 650, 700, 750, 800],
        "qe_percent":   [35,  50,  56,  55,  52,  48,  38,  25,  12]
      },
      "qe_rgb_weights": {
        "R": 0.30,
        "G": 0.40,
        "B": 0.30
      },
      "sources": [
        {
          "name": "OnSemi Datasheet",
          "url": "https://www.onsemi.com/pdf/datasheet/kaf-8300-d.pdf"
        }
      ]
    },
    "ICX694": {
      "manufacturer": "Sony",
      "type": "CCD",
      "technology": "FSI",
      "format": "2/3-inch",
      "resolution": [2750, 2200],
      "pixel_size_um": 4.54,
      "full_well_e": 18000,
      "read_noise_e": 5,
      "qe_curve": {
        "type": "sampled",
        "description": "Reference CCD used for QE calibration",
        "wavelength_nm": [400, 450, 500, 550, 600, 650, 700],
        "qe_percent":   [55,  72,  77,  75,  70,  58,  40]
      },
      "qe_rgb_weights": {
        "R": 0.28,
        "G": 0.42,
        "B": 0.30
      },
      "sources": [
        {
          "name": "Christian Buil Measurements",
          "url": "http://www.astrosurf.com/buil/"
        }
      ]
    }
  }
}
